id;category_en;category_cn;title_en;title_cn;subtitle_en;subtitle_cn;content_en;content_cn;source;classification;avater;list
6;usa;欧美;Emily Ratajkowski;艾蜜莉·瑞特考斯基;American model and actress-Emily Ratajkowski;美国模特儿及女演员-艾蜜莉·瑞特考斯基;American model and actress-Emily Ratajkowski;美国模特儿及女演员-艾蜜莉·瑞特考斯基;ins;normal;![11359117_1622744424647917_541969321_n](https://user-images.githubusercontent.com/43483189/82151284-192c4900-985b-11ea-830a-dffd1671a3d4.jpg);![1725245_983918264961665_370105309_n](https://user-images.githubusercontent.com/43483189/82151000-7e336f00-985a-11ea-9520-44c3a7af02b8.jpg)
;;;;;;;;;;;![10299808_410401372487347_497553656_n](https://user-images.githubusercontent.com/43483189/82151285-19c4df80-985b-11ea-8aa3-bb2017978a3b.jpg);![10299808_410401372487347_497553656_n](https://user-images.githubusercontent.com/43483189/82151001-7ecc0580-985a-11ea-915b-00b40ab81506.jpg)
;;;;;;;;;;;![79972844_270019863958413_8858819890879196151_n](https://user-images.githubusercontent.com/43483189/82151286-1a5d7600-985b-11ea-87b9-527052db2137.jpg);![10467855_873493046074883_1480666169_n](https://user-images.githubusercontent.com/43483189/82151002-7ecc0580-985a-11ea-995b-f148d9048b47.jpg)
;;;;;;;;;;;![81435233_858344871262268_7442745542900261024_n](https://user-images.githubusercontent.com/43483189/82151287-1a5d7600-985b-11ea-97a7-ed0ae591f2bf.jpg);![10950574_1597098640541495_1112552780_n](https://user-images.githubusercontent.com/43483189/82151003-7f649c00-985a-11ea-8c35-679a69ad3d1c.jpg)
;;;;;;;;;;;;![11208542_1643662402549076_23506194_n](https://user-images.githubusercontent.com/43483189/82151004-7f649c00-985a-11ea-9e5b-ec1650d2f9c0.jpg)
;;;;;;;;;;;;![11247758_120158101661938_866522865_n](https://user-images.githubusercontent.com/43483189/82151005-7ffd3280-985a-11ea-8f53-436d24ec1759.jpg)
;;;;;;;;;;;;![11248742_1750351265192448_1292325815_n](https://user-images.githubusercontent.com/43483189/82151006-7ffd3280-985a-11ea-9b68-27d0d3e2a1c7.jpg)
;;;;;;;;;;;;![11252696_1643917842520886_459977526_n](https://user-images.githubusercontent.com/43483189/82151007-7ffd3280-985a-11ea-8a03-6a3d05deda9b.jpg)
;;;;;;;;;;;;![11264700_1640626949549081_1720313651_n](https://user-images.githubusercontent.com/43483189/82151008-7ffd3280-985a-11ea-8b8a-4164e5252fd7.jpg)
;;;;;;;;;;;;![11264748_935135753194499_957415114_n](https://user-images.githubusercontent.com/43483189/82151009-8095c900-985a-11ea-9896-4196fa1e288c.jpg)
;;;;;;;;;;;;![11296882_617884205044676_757495527_n](https://user-images.githubusercontent.com/43483189/82151010-8095c900-985a-11ea-9868-9a519d51c9f7.jpg)
;;;;;;;;;;;;![11325020_564951610309469_58254015_n](https://user-images.githubusercontent.com/43483189/82151011-8095c900-985a-11ea-9790-afaf795d67a9.jpg)
;;;;;;;;;;;;![11325246_714273452039705_1361837129_a](https://user-images.githubusercontent.com/43483189/82151012-812e5f80-985a-11ea-883b-949a9ad44198.jpg)
;;;;;;;;;;;;![11330747_720568271380538_1830416789_n](https://user-images.githubusercontent.com/43483189/82151013-812e5f80-985a-11ea-8b41-79c97cac6fa2.jpg)
;;;;;;;;;;;;![11348172_813060935479278_40886243_n](https://user-images.githubusercontent.com/43483189/82151014-81c6f600-985a-11ea-8625-7c77f605c2f5.jpg)
;;;;;;;;;;;;![11348281_1628589177388461_2002738618_n](https://user-images.githubusercontent.com/43483189/82151016-81c6f600-985a-11ea-9c66-472cd42f5ce4.jpg)
;;;;;;;;;;;;![11356994_1473093823011591_60632110_n](https://user-images.githubusercontent.com/43483189/82151017-81c6f600-985a-11ea-9462-df0ef656f042.jpg)
;;;;;;;;;;;;![11359117_1622744424647917_541969321_n](https://user-images.githubusercontent.com/43483189/82151018-825f8c80-985a-11ea-890a-5051680962d5.jpg)
;;;;;;;;;;;;![11363861_1480683275576117_1967290057_n](https://user-images.githubusercontent.com/43483189/82151019-825f8c80-985a-11ea-923b-37794d22fb2d.jpg)
;;;;;;;;;;;;![11371237_432614303612683_340830462_n](https://user-images.githubusercontent.com/43483189/82151020-825f8c80-985a-11ea-8c7a-b93ffae48b0d.jpg)
;;;;;;;;;;;;![11372105_991143690937964_1884786181_n](https://user-images.githubusercontent.com/43483189/82151021-82f82300-985a-11ea-8292-fd01fa77652b.jpg)
;;;;;;;;;;;;![11372152_1118603144835328_815711144_n](https://user-images.githubusercontent.com/43483189/82151022-82f82300-985a-11ea-9be9-e4c76923e67f.jpg)
;;;;;;;;;;;;![11372284_503369879829591_877937618_n](https://user-images.githubusercontent.com/43483189/82151023-8390b980-985a-11ea-9d0a-4e7089290331.jpg)
;;;;;;;;;;;;![11373488_1221440501214915_1608245793_n](https://user-images.githubusercontent.com/43483189/82151024-8390b980-985a-11ea-8c24-be684b14fec0.jpg)
;;;;;;;;;;;;![11373857_1192434074116314_1249546055_n](https://user-images.githubusercontent.com/43483189/82151025-8390b980-985a-11ea-8f1c-fb4c4cfa5bdb.jpg)
;;;;;;;;;;;;![11375300_806184789502300_799671035_n](https://user-images.githubusercontent.com/43483189/82151026-84295000-985a-11ea-9209-d26c37381751.jpg)
;;;;;;;;;;;;![11375386_397013637159315_797238465_n](https://user-images.githubusercontent.com/43483189/82151027-84295000-985a-11ea-8d76-f6fccba30026.jpg)
;;;;;;;;;;;;![11375422_1619685311607277_1246301477_n](https://user-images.githubusercontent.com/43483189/82151029-84c1e680-985a-11ea-9810-d3885b46c376.jpg)
;;;;;;;;;;;;![11376157_149246055409926_1896726718_n](https://user-images.githubusercontent.com/43483189/82151031-84c1e680-985a-11ea-808d-119ff9aec37d.jpg)
;;;;;;;;;;;;![11381361_798803370217969_1198398415_n](https://user-images.githubusercontent.com/43483189/82151032-84c1e680-985a-11ea-9644-ca1d814a25f5.jpg)
;;;;;;;;;;;;![11420445_1682596168638010_1110009380_n](https://user-images.githubusercontent.com/43483189/82151033-855a7d00-985a-11ea-9a68-84f9766242d3.jpg)
;;;;;;;;;;;;![11420788_1028195663859728_946434415_n](https://user-images.githubusercontent.com/43483189/82151034-855a7d00-985a-11ea-833a-f482eda17a03.jpg)
;;;;;;;;;;;;![11421974_142641869405571_498916489_n](https://user-images.githubusercontent.com/43483189/82151035-855a7d00-985a-11ea-9941-134b5e71ec88.jpg)
;;;;;;;;;;;;![11428337_969097286466271_1617761550_n](https://user-images.githubusercontent.com/43483189/82151036-855a7d00-985a-11ea-8eba-5dcd732ca0aa.jpg)
;;;;;;;;;;;;![11429683_1489410711351460_549051840_n](https://user-images.githubusercontent.com/43483189/82151037-85f31380-985a-11ea-9273-f700163466ac.jpg)
;;;;;;;;;;;;![11809556_125027961173754_1909513578_n](https://user-images.githubusercontent.com/43483189/82151039-85f31380-985a-11ea-8232-10b518af8bfa.jpg)
;;;;;;;;;;;;![11809866_1439444996385822_870131636_n](https://user-images.githubusercontent.com/43483189/82151040-868baa00-985a-11ea-8978-732c606f97ad.jpg)
;;;;;;;;;;;;![11820542_1679412215614167_2034915706_n](https://user-images.githubusercontent.com/43483189/82151041-868baa00-985a-11ea-84bd-2b94751c4dfb.jpg)
;;;;;;;;;;;;![11820660_418257728363555_1464287062_n](https://user-images.githubusercontent.com/43483189/82151042-868baa00-985a-11ea-9ae5-01aed36a8fdd.jpg)
;;;;;;;;;;;;![11821150_1461981187436820_122379875_n](https://user-images.githubusercontent.com/43483189/82151043-87244080-985a-11ea-97bd-3a943144b991.jpg)
;;;;;;;;;;;;![11821336_1676178609269232_1441168785_n](https://user-images.githubusercontent.com/43483189/82151044-87244080-985a-11ea-8564-028d65f128c0.jpg)
;;;;;;;;;;;;![11821843_572054902932490_1265750917_n](https://user-images.githubusercontent.com/43483189/82151045-87bcd700-985a-11ea-88a6-edb7e7833089.jpg)
;;;;;;;;;;;;![11848953_730053383788771_1355508103_n](https://user-images.githubusercontent.com/43483189/82151046-87bcd700-985a-11ea-8560-410d0d522994.jpg)
;;;;;;;;;;;;![11849125_618564811580546_1364116697_n](https://user-images.githubusercontent.com/43483189/82151048-87bcd700-985a-11ea-981b-8b88345a713f.jpg)
;;;;;;;;;;;;![11850046_156508178015829_1063312146_n](https://user-images.githubusercontent.com/43483189/82151049-88556d80-985a-11ea-97f1-62c017af42d8.jpg)
;;;;;;;;;;;;![11850130_1600866060178385_2058331265_n](https://user-images.githubusercontent.com/43483189/82151051-88556d80-985a-11ea-9840-4bd670ad09b0.jpg)
;;;;;;;;;;;;![11850156_430385390498859_714786809_n](https://user-images.githubusercontent.com/43483189/82151052-88ee0400-985a-11ea-9ef9-3fbff1e49e32.jpg)
;;;;;;;;;;;;![11850191_1475566096073177_29470795_n](https://user-images.githubusercontent.com/43483189/82151054-88ee0400-985a-11ea-97df-929bef457a67.jpg)
;;;;;;;;;;;;![11850197_873356222755497_120512815_n](https://user-images.githubusercontent.com/43483189/82151055-88ee0400-985a-11ea-9d36-376d5c338246.jpg)
;;;;;;;;;;;;![11850294_1625056541068981_343403596_n](https://user-images.githubusercontent.com/43483189/82151056-89869a80-985a-11ea-9282-cb399c189fc0.jpg)
;;;;;;;;;;;;![11850318_1187977584565221_2024693941_n](https://user-images.githubusercontent.com/43483189/82151057-89869a80-985a-11ea-8a68-c0cb88b6c00c.jpg)
;;;;;;;;;;;;![11850327_807699989348376_90388400_n](https://user-images.githubusercontent.com/43483189/82151058-8a1f3100-985a-11ea-92df-eba2fb9262ea.jpg)
;;;;;;;;;;;;![11850354_145963259072586_577855506_n](https://user-images.githubusercontent.com/43483189/82151059-8a1f3100-985a-11ea-81f8-789e8f27e317.jpg)
;;;;;;;;;;;;![11856570_373836536156294_1763178954_n](https://user-images.githubusercontent.com/43483189/82151060-8ab7c780-985a-11ea-9da0-fefd2ed21140.jpg)
;;;;;;;;;;;;![11856639_386855414857750_656614319_n](https://user-images.githubusercontent.com/43483189/82151061-8ab7c780-985a-11ea-90dd-3adfe96c9c29.jpg)
;;;;;;;;;;;;![11856657_1598085043781680_1766276775_n](https://user-images.githubusercontent.com/43483189/82151063-8b505e00-985a-11ea-8b5d-37cdef29d41f.jpg)
;;;;;;;;;;;;![46420474_2049255198502635_541737276444219637_n](https://user-images.githubusercontent.com/43483189/82151064-8b505e00-985a-11ea-8663-c1a90da67e9e.jpg)
;;;;;;;;;;;;![46731315_725348901171418_7895726225736504891_n](https://user-images.githubusercontent.com/43483189/82151065-8b505e00-985a-11ea-963d-ba3544d5d3d2.jpg)
;;;;;;;;;;;;![46979135_296983377689685_5348676954327810031_n](https://user-images.githubusercontent.com/43483189/82151066-8be8f480-985a-11ea-89bd-12a2d3dd2011.jpg)
;;;;;;;;;;;;![47018031_2178521072387296_2305318193359616724_n](https://user-images.githubusercontent.com/43483189/82151067-8be8f480-985a-11ea-8fd8-4b56923e2e5c.jpg)
;;;;;;;;;;;;![47055072_372989570135001_4875556417324276502_n](https://user-images.githubusercontent.com/43483189/82151069-8be8f480-985a-11ea-9a41-016d16c115f4.jpg)
;;;;;;;;;;;;![47131870_375400779883205_3284290834447912962_n](https://user-images.githubusercontent.com/43483189/82151071-8c818b00-985a-11ea-941b-6a444ab17e4e.jpg)
;;;;;;;;;;;;![47268248_226049158310910_8168998087784176064_n](https://user-images.githubusercontent.com/43483189/82151074-8c818b00-985a-11ea-90b1-ae655e28e243.jpg)
;;;;;;;;;;;;![47269826_279211759442607_2875474419152333845_n](https://user-images.githubusercontent.com/43483189/82151075-8d1a2180-985a-11ea-9e42-7071b951e5eb.jpg)
;;;;;;;;;;;;![47448280_321134851824665_7406825299730377816_n](https://user-images.githubusercontent.com/43483189/82151078-8d1a2180-985a-11ea-9e91-f3d7b54f269c.jpg)
;;;;;;;;;;;;![47451916_457579651443322_887442105770028330_n](https://user-images.githubusercontent.com/43483189/82151080-8db2b800-985a-11ea-8509-32244318d1d9.jpg)
;;;;;;;;;;;;![47581347_2189354647989493_3156766131335035576_n](https://user-images.githubusercontent.com/43483189/82151081-8db2b800-985a-11ea-9f34-792c694f8265.jpg)
;;;;;;;;;;;;![47582590_616184678813431_7017956832761959686_n](https://user-images.githubusercontent.com/43483189/82151082-8db2b800-985a-11ea-9c0b-0359b4ef5153.jpg)
;;;;;;;;;;;;![47585130_359953498133116_7940068719200093117_n](https://user-images.githubusercontent.com/43483189/82151083-8e4b4e80-985a-11ea-874f-b811ad76864e.jpg)
;;;;;;;;;;;;![47690143_355590708505450_8774813929031972482_n](https://user-images.githubusercontent.com/43483189/82151084-8e4b4e80-985a-11ea-9b4c-99df8ccf4934.jpg)
;;;;;;;;;;;;![47691016_2174171196178145_3542727106335338140_n](https://user-images.githubusercontent.com/43483189/82151085-8ee3e500-985a-11ea-944a-558b8ec763c9.jpg)
;;;;;;;;;;;;![47692104_392571494880688_8048585241072322887_n](https://user-images.githubusercontent.com/43483189/82151086-8ee3e500-985a-11ea-8482-a51887c20be1.jpg)
;;;;;;;;;;;;![47692431_276604296356755_487829613290935613_n](https://user-images.githubusercontent.com/43483189/82151087-8ee3e500-985a-11ea-8214-00485f92c0b0.jpg)
;;;;;;;;;;;;![49403798_383989265738021_7591195781811356100_n](https://user-images.githubusercontent.com/43483189/82151088-8f7c7b80-985a-11ea-859a-deed233b2210.jpg)
;;;;;;;;;;;;![49664406_329056697709228_8140027765486506213_n](https://user-images.githubusercontent.com/43483189/82151089-8f7c7b80-985a-11ea-87d6-c6fb535682b7.jpg)
;;;;;;;;;;;;![49729459_566115443862906_2290530415301500401_n](https://user-images.githubusercontent.com/43483189/82151090-8f7c7b80-985a-11ea-956f-d60e086383be.jpg)
;;;;;;;;;;;;![49857088_779233692437713_9178658352867885412_n](https://user-images.githubusercontent.com/43483189/82151091-90151200-985a-11ea-95f1-8235fbcacf6f.jpg)
;;;;;;;;;;;;![49858224_2398414993520527_2628869499699048240_n](https://user-images.githubusercontent.com/43483189/82151092-90151200-985a-11ea-8841-30e2d4938d90.jpg)
;;;;;;;;;;;;![49907530_128909821477153_4474984383395684176_n](https://user-images.githubusercontent.com/43483189/82151093-90151200-985a-11ea-8ed5-1d61e39e08dd.jpg)
;;;;;;;;;;;;![50079440_2386768931397359_8097303598249309481_n](https://user-images.githubusercontent.com/43483189/82151096-90ada880-985a-11ea-9338-c4d64cdcb573.jpg)
;;;;;;;;;;;;![50124762_562029587630494_1582556564147116189_n](https://user-images.githubusercontent.com/43483189/82151097-90ada880-985a-11ea-9f83-94f975c0c300.jpg)
;;;;;;;;;;;;![50570922_299137210684112_4091519069728681402_n](https://user-images.githubusercontent.com/43483189/82151098-91463f00-985a-11ea-8c8f-416055704113.jpg)
;;;;;;;;;;;;![50658585_1211669442316967_7320713482548047047_n](https://user-images.githubusercontent.com/43483189/82151099-91463f00-985a-11ea-8f20-9ebaf087d38d.jpg)
;;;;;;;;;;;;![51484110_981268612062949_3666839949892598547_n](https://user-images.githubusercontent.com/43483189/82151100-91ded580-985a-11ea-9902-a4f30ddfc182.jpg)
;;;;;;;;;;;;![51770898_352399088948028_7375515195402713230_n](https://user-images.githubusercontent.com/43483189/82151101-91ded580-985a-11ea-8ee2-fd9e28c0c79f.jpg)
;;;;;;;;;;;;![51771489_1818162544955063_4254756060468017494_n](https://user-images.githubusercontent.com/43483189/82151102-91ded580-985a-11ea-9633-f0c16741834b.jpg)
;;;;;;;;;;;;![51809910_127939704937724_7550853043136873385_n](https://user-images.githubusercontent.com/43483189/82151104-92776c00-985a-11ea-801e-e9e4ea4fc23e.jpg)
;;;;;;;;;;;;![52072791_2066812803408599_9139940752461882640_n](https://user-images.githubusercontent.com/43483189/82151105-92776c00-985a-11ea-8c2c-3edc45767803.jpg)
;;;;;;;;;;;;![52444428_361802774550088_8111488659811634206_n](https://user-images.githubusercontent.com/43483189/82151106-92776c00-985a-11ea-8557-ab742d5aaa75.jpg)
;;;;;;;;;;;;![52467469_238024267150321_8668416258992828924_n](https://user-images.githubusercontent.com/43483189/82151107-93100280-985a-11ea-8933-236503d2d327.jpg)
;;;;;;;;;;;;![52491523_482038788995635_1340412699549898924_n](https://user-images.githubusercontent.com/43483189/82151109-93100280-985a-11ea-9c39-bdda22ba98d5.jpg)
;;;;;;;;;;;;![52494643_531799827344002_7332491902776525441_n](https://user-images.githubusercontent.com/43483189/82151110-93a89900-985a-11ea-8d37-d46e40cc2718.jpg)
;;;;;;;;;;;;![52826983_2303238003253660_5451770409059634111_n](https://user-images.githubusercontent.com/43483189/82151111-94412f80-985a-11ea-9ccb-c275e352692b.jpg)
;;;;;;;;;;;;![53597467_350562702228939_8468010035824366045_n](https://user-images.githubusercontent.com/43483189/82151112-94412f80-985a-11ea-86d7-13bad1c7bb6d.jpg)
;;;;;;;;;;;;![54512328_392655091575010_5336705972863722074_n](https://user-images.githubusercontent.com/43483189/82151113-94d9c600-985a-11ea-91cf-33907219b94a.jpg)
;;;;;;;;;;;;![56164217_509744619554842_2366685048825595858_n](https://user-images.githubusercontent.com/43483189/82151114-94d9c600-985a-11ea-8a49-e72071635709.jpg)
;;;;;;;;;;;;![56184616_321243041924530_7295425868083209111_n](https://user-images.githubusercontent.com/43483189/82151115-94d9c600-985a-11ea-81b3-fd406ac6b227.jpg)
;;;;;;;;;;;;![56382772_237626573753324_1203280874244648624_n](https://user-images.githubusercontent.com/43483189/82151117-95725c80-985a-11ea-8980-2475bc1813c1.jpg)
;;;;;;;;;;;;![56481881_1625103234299893_6448924143482616603_n](https://user-images.githubusercontent.com/43483189/82151119-95725c80-985a-11ea-9166-9ede9440c72d.jpg)
;;;;;;;;;;;;![56584416_325500731492449_4413651967400921823_n](https://user-images.githubusercontent.com/43483189/82151120-960af300-985a-11ea-8822-bc4cb46c5af1.jpg)
;;;;;;;;;;;;![57552105_2246038525659996_7670695218489394550_n](https://user-images.githubusercontent.com/43483189/82151121-960af300-985a-11ea-9317-f2f5980c9b53.jpg)
;;;;;;;;;;;;![57556934_2337441233170531_7611287374929443581_n](https://user-images.githubusercontent.com/43483189/82151122-96a38980-985a-11ea-93dd-6be39d6e63ad.jpg)
;;;;;;;;;;;;![58409842_283526852581869_1390732914437379157_n](https://user-images.githubusercontent.com/43483189/82151123-973c2000-985a-11ea-92f6-30eaf97e67fd.jpg)
;;;;;;;;;;;;![65240230_152838285845635_3091757922273448533_n](https://user-images.githubusercontent.com/43483189/82151124-973c2000-985a-11ea-97c4-75a467989c81.jpg)
;;;;;;;;;;;;![65867893_478105952983643_5487309482572869880_n](https://user-images.githubusercontent.com/43483189/82151126-973c2000-985a-11ea-9cd3-f1c15ac58e35.jpg)
;;;;;;;;;;;;![67400585_2382063035242951_5884188882792213999_n](https://user-images.githubusercontent.com/43483189/82151128-97d4b680-985a-11ea-951e-f7a602a137e8.jpg)
;;;;;;;;;;;;![67413093_428189047783551_2829464064090847572_n](https://user-images.githubusercontent.com/43483189/82151129-97d4b680-985a-11ea-8f4a-89a16f2fb30f.jpg)
;;;;;;;;;;;;![67549297_495467474554327_1328057934823682462_n](https://user-images.githubusercontent.com/43483189/82151130-986d4d00-985a-11ea-86c5-5fece6052a35.jpg)
;;;;;;;;;;;;![67816977_1367559823398400_139208816831689633_n](https://user-images.githubusercontent.com/43483189/82151131-986d4d00-985a-11ea-8a58-39f2139b07c8.jpg)
;;;;;;;;;;;;![67979130_415600619312876_6772259874422673029_n](https://user-images.githubusercontent.com/43483189/82151132-9905e380-985a-11ea-85c8-35601c15874e.jpg)
;;;;;;;;;;;;![69477879_710767772721909_7314613945135260420_n](https://user-images.githubusercontent.com/43483189/82151134-9905e380-985a-11ea-8972-9403128832fb.jpg)
;;;;;;;;;;;;![70385705_541884846583493_9140630940901640904_n](https://user-images.githubusercontent.com/43483189/82151136-999e7a00-985a-11ea-99ac-4fce80b8cfc6.jpg)
;;;;;;;;;;;;![71182037_145343696821903_7853684970036890064_n](https://user-images.githubusercontent.com/43483189/82151137-999e7a00-985a-11ea-8357-16d48e277eae.jpg)
;;;;;;;;;;;;![71188182_159559405429867_2285420372361754003_n](https://user-images.githubusercontent.com/43483189/82151138-999e7a00-985a-11ea-96c4-f2239905c4cc.jpg)
;;;;;;;;;;;;![71793849_112786789928871_5123519139139660661_n](https://user-images.githubusercontent.com/43483189/82151139-9a371080-985a-11ea-8960-d23c3285904f.jpg)
;;;;;;;;;;;;![72271766_2956966517664095_3687663990597935057_n](https://user-images.githubusercontent.com/43483189/82151140-9a371080-985a-11ea-8f8a-81ceb6a2c4f4.jpg)
;;;;;;;;;;;;![72549396_397527444277247_5146269760672274421_n](https://user-images.githubusercontent.com/43483189/82151141-9acfa700-985a-11ea-8a73-bcb7e51e7dd8.jpg)
;;;;;;;;;;;;![72656819_2558757184193033_5157565854168054592_n](https://user-images.githubusercontent.com/43483189/82151142-9acfa700-985a-11ea-90a8-5b2ba4830e85.jpg)
;;;;;;;;;;;;![72864112_496827364247294_4656277535839315714_n](https://user-images.githubusercontent.com/43483189/82151143-9acfa700-985a-11ea-8916-bdf8e0e2bef8.jpg)
;;;;;;;;;;;;![73049147_143145063700845_5473766977575634346_n](https://user-images.githubusercontent.com/43483189/82151144-9b683d80-985a-11ea-87d2-ae7d44f60ad6.jpg)
;;;;;;;;;;;;![73117492_599163877491449_7985988994590792893_n](https://user-images.githubusercontent.com/43483189/82151145-9b683d80-985a-11ea-867f-2a1a18b8485f.jpg)
;;;;;;;;;;;;![74357020_445315805987648_7402485652445381815_n](https://user-images.githubusercontent.com/43483189/82151146-9c00d400-985a-11ea-8515-440bc53bb41f.jpg)
;;;;;;;;;;;;![75225412_2325937977658043_5751652603455939914_n](https://user-images.githubusercontent.com/43483189/82151147-9c00d400-985a-11ea-9c17-0f7140041e7a.jpg)
;;;;;;;;;;;;![75372372_922771941443118_2989734890687834688_n](https://user-images.githubusercontent.com/43483189/82151148-9c996a80-985a-11ea-80ea-c52bd3da9312.jpg)
;;;;;;;;;;;;![75379869_148524779776146_2408157638576227301_n](https://user-images.githubusercontent.com/43483189/82151149-9c996a80-985a-11ea-9c4c-0d595bd4deaf.jpg)
;;;;;;;;;;;;![75394891_1179099472291655_2491982374241200151_n](https://user-images.githubusercontent.com/43483189/82151150-9c996a80-985a-11ea-934e-8b54e462366a.jpg)
;;;;;;;;;;;;![75553998_154740585804438_6648819391516419202_n](https://user-images.githubusercontent.com/43483189/82151152-9d320100-985a-11ea-83c0-4cc4eb8afba2.jpg)
;;;;;;;;;;;;![76816884_989031648129396_2547371174835976384_n](https://user-images.githubusercontent.com/43483189/82151153-9d320100-985a-11ea-9801-a04446b48cc4.jpg)
;;;;;;;;;;;;![76888739_443776739629192_2817611208460811237_n](https://user-images.githubusercontent.com/43483189/82151154-9dca9780-985a-11ea-92db-a2580d667138.jpg)
;;;;;;;;;;;;![77429674_1497926083707064_3049249209710242018_n](https://user-images.githubusercontent.com/43483189/82151155-9dca9780-985a-11ea-9208-f6cd1c832e28.jpg)
;;;;;;;;;;;;![78725540_453001525252251_3436931981741259395_n](https://user-images.githubusercontent.com/43483189/82151156-9dca9780-985a-11ea-9450-f9ff4f8fae7e.jpg)
;;;;;;;;;;;;![78945340_490562988254579_7055136579388454491_n](https://user-images.githubusercontent.com/43483189/82151157-9e632e00-985a-11ea-953a-2b8c5f1a8eaf.jpg)
;;;;;;;;;;;;![79378198_116981972874199_1745532139545132861_n](https://user-images.githubusercontent.com/43483189/82151158-9e632e00-985a-11ea-9c02-73c5027e5c1f.jpg)
;;;;;;;;;;;;![79390486_839117676541680_6728526547827051744_n](https://user-images.githubusercontent.com/43483189/82151159-9efbc480-985a-11ea-94f0-02f42e02f2f3.jpg)
;;;;;;;;;;;;![79454588_168521151047840_6996047420121769695_n](https://user-images.githubusercontent.com/43483189/82151160-9efbc480-985a-11ea-872d-727a275f915a.jpg)
;;;;;;;;;;;;![79463134_182464206234895_7169334703860922663_n](https://user-images.githubusercontent.com/43483189/82151161-9f945b00-985a-11ea-8c1d-ff8ca9b7c29c.jpg)
;;;;;;;;;;;;![79590858_580011772570087_6028482272864118102_n](https://user-images.githubusercontent.com/43483189/82151162-9f945b00-985a-11ea-85ca-9c9f800542c9.jpg)
;;;;;;;;;;;;![79774929_2557991717765262_9044765382728982324_n](https://user-images.githubusercontent.com/43483189/82151163-a02cf180-985a-11ea-896e-b91f8838dd97.jpg)
;;;;;;;;;;;;![79794229_130240408437755_4280319365994946257_n](https://user-images.githubusercontent.com/43483189/82151164-a02cf180-985a-11ea-8488-e6462fefe131.jpg)
;;;;;;;;;;;;![79972844_270019863958413_8858819890879196151_n](https://user-images.githubusercontent.com/43483189/82151166-a0c58800-985a-11ea-91f6-a31508facc9f.jpg)
;;;;;;;;;;;;![80018026_988754004833255_5431778578949182273_n](https://user-images.githubusercontent.com/43483189/82151167-a0c58800-985a-11ea-9987-f1d0da89a0d8.jpg)
;;;;;;;;;;;;![80358521_469349284018447_217330848245093783_n](https://user-images.githubusercontent.com/43483189/82151168-a15e1e80-985a-11ea-9e41-4d9b60008007.jpg)
;;;;;;;;;;;;![80772264_140818477376183_4130472849206570559_n](https://user-images.githubusercontent.com/43483189/82151169-a15e1e80-985a-11ea-88ba-a62d071b44c3.jpg)
;;;;;;;;;;;;![81358417_129696318519690_2922726739738163541_n](https://user-images.githubusercontent.com/43483189/82151170-a15e1e80-985a-11ea-8934-77e86c29547e.jpg)
;;;;;;;;;;;;![81435233_858344871262268_7442745542900261024_n](https://user-images.githubusercontent.com/43483189/82151171-a1f6b500-985a-11ea-99ca-0a301ea12ec4.jpg)
;;;;;;;;;;;;![81579175_998670343865358_7086302730972260556_n](https://user-images.githubusercontent.com/43483189/82151172-a1f6b500-985a-11ea-9313-3bacef1167b0.jpg)
;;;;;;;;;;;;![81669617_2961377657214283_1746684473299384455_n](https://user-images.githubusercontent.com/43483189/82151173-a28f4b80-985a-11ea-8484-3f59c0bcec28.jpg)
;;;;;;;;;;;;![81788395_776626976171254_1636121628671172999_n](https://user-images.githubusercontent.com/43483189/82151175-a28f4b80-985a-11ea-9942-d9b7b6b18448.jpg)
;;;;;;;;;;;;![82058104_487704171941514_1308903338529823715_n](https://user-images.githubusercontent.com/43483189/82151176-a327e200-985a-11ea-8e3a-ebd76b05d597.jpg)
;;;;;;;;;;;;![82282103_1885054374971284_7814267458418432824_n](https://user-images.githubusercontent.com/43483189/82151177-a327e200-985a-11ea-8e54-69f5f8e614d2.jpg)
;;;;;;;;;;;;![82364745_2543001825944044_7464529173220092875_n](https://user-images.githubusercontent.com/43483189/82151178-a327e200-985a-11ea-8712-15e86815ac7e.jpg)
;;;;;;;;;;;;![82407647_2623383331093055_4286141123838157596_n](https://user-images.githubusercontent.com/43483189/82151179-a3c07880-985a-11ea-8951-ab683bcde7b0.jpg)
;;;;;;;;;;;;![82495191_137676930613343_8806813541807343728_n](https://user-images.githubusercontent.com/43483189/82151181-a3c07880-985a-11ea-91c4-ea79fd8a7c95.jpg)
;;;;;;;;;;;;![83222234_669283637142925_4633407939313342941_n](https://user-images.githubusercontent.com/43483189/82151182-a4590f00-985a-11ea-9084-7e28c14f3698.jpg)
;;;;;;;;;;;;![83656914_141502723646897_5568966534537850507_n](https://user-images.githubusercontent.com/43483189/82151183-a4590f00-985a-11ea-96f1-120693b14b96.jpg)
;;;;;;;;;;;;![83824996_221716152193358_7170891617861255597_n](https://user-images.githubusercontent.com/43483189/82151184-a4f1a580-985a-11ea-8e98-5194149ceb64.jpg)
;;;;;;;;;;;;![84041252_659473198195035_3996127596011704383_n](https://user-images.githubusercontent.com/43483189/82151186-a4f1a580-985a-11ea-87bc-3ccbe0553bdb.jpg)
;;;;;;;;;;;;![87297423_550027065608180_5965090877328952134_n](https://user-images.githubusercontent.com/43483189/82151187-a4f1a580-985a-11ea-8d98-95198b9b1e72.jpg)
;;;;;;;;;;;;![88254658_852810978571083_1532641331673362247_n](https://user-images.githubusercontent.com/43483189/82151188-a58a3c00-985a-11ea-9a6c-cc302d7a3360.jpg)
;;;;;;;;;;;;![90094489_1033350700370169_8925858429878466936_n](https://user-images.githubusercontent.com/43483189/82151189-a58a3c00-985a-11ea-8f80-15bd617c06bf.jpg)
;;;;;;;;;;;;![90253601_654832855332418_5724544321909943418_n](https://user-images.githubusercontent.com/43483189/82151190-a622d280-985a-11ea-964a-61c2393ba698.jpg)
;;;;;;;;;;;;![90429326_2646933682295441_4707808177200773915_n](https://user-images.githubusercontent.com/43483189/82151191-a622d280-985a-11ea-8540-c254fffea7b2.jpg)
;;;;;;;;;;;;![90745087_561004701438592_6991334640487515359_n](https://user-images.githubusercontent.com/43483189/82151192-a6bb6900-985a-11ea-9c65-1b98bd19185c.jpg)
;;;;;;;;;;;;![90909918_701387760402100_5327678640563174168_n](https://user-images.githubusercontent.com/43483189/82151193-a6bb6900-985a-11ea-9af5-e3da23852e68.jpg)
;;;;;;;;;;;;![91025309_239453433898047_2831057400264503007_n](https://user-images.githubusercontent.com/43483189/82151194-a753ff80-985a-11ea-9afc-7351cb516055.jpg)
;;;;;;;;;;;;![91063872_104918954414348_2084298192199909260_n](https://user-images.githubusercontent.com/43483189/82151196-a753ff80-985a-11ea-863d-e27423d9d7d5.jpg)
;;;;;;;;;;;;![91211383_203718641079143_2485022140546339578_n](https://user-images.githubusercontent.com/43483189/82151197-a753ff80-985a-11ea-9040-66368d91b9de.jpg)
;;;;;;;;;;;;![91380568_590112061618561_2140763460696530945_n](https://user-images.githubusercontent.com/43483189/82151198-a7ec9600-985a-11ea-8da2-7fbe99743fa0.jpg)
;;;;;;;;;;;;![91875168_524356928480009_2126965470966311189_n](https://user-images.githubusercontent.com/43483189/82151199-a7ec9600-985a-11ea-8421-8b64ca6cf42b.jpg)
;;;;;;;;;;;;![91886982_227105485012286_3647724936784294467_n](https://user-images.githubusercontent.com/43483189/82151200-a8852c80-985a-11ea-93fe-bea1ac33fb0f.jpg)
;;;;;;;;;;;;![92393985_870879373382604_1201904838865431993_n](https://user-images.githubusercontent.com/43483189/82151201-a8852c80-985a-11ea-9c1f-15d463a36a63.jpg)
;;;;;;;;;;;;![92414676_104384877816097_7548725975434237753_n](https://user-images.githubusercontent.com/43483189/82151202-a91dc300-985a-11ea-9756-5fca68f40d10.jpg)
;;;;;;;;;;;;![92475080_586295601981615_6861823701335544991_n](https://user-images.githubusercontent.com/43483189/82151203-a91dc300-985a-11ea-970b-3a8792a0aadb.jpg)
;;;;;;;;;;;;![92555062_507599103450187_8131260108481513438_n](https://user-images.githubusercontent.com/43483189/82151204-a91dc300-985a-11ea-9ea2-07f9d21d7517.jpg)
;;;;;;;;;;;;![92566770_172644000456963_3844096562727993005_n](https://user-images.githubusercontent.com/43483189/82151205-a9b65980-985a-11ea-9fd3-6eafb045103f.jpg)
;;;;;;;;;;;;![92817182_217104962907852_8148933449161417585_n](https://user-images.githubusercontent.com/43483189/82151206-ab801d00-985a-11ea-8646-831eddddf794.jpg)
;;;;;;;;;;;;![92840461_571019997095103_2972437315471200628_n](https://user-images.githubusercontent.com/43483189/82151207-ac18b380-985a-11ea-94f9-7e4676f9a602.jpg)
;;;;;;;;;;;;![92852545_226291701911849_2591661950386010792_n](https://user-images.githubusercontent.com/43483189/82151208-acb14a00-985a-11ea-8197-111c8be9efad.jpg)
;;;;;;;;;;;;![92951147_1118150298567307_7715910320912867716_n](https://user-images.githubusercontent.com/43483189/82151209-acb14a00-985a-11ea-8a01-f66b2385aa0c.jpg)
;;;;;;;;;;;;![93007173_1076218139431366_249036696528834587_n](https://user-images.githubusercontent.com/43483189/82151210-ad49e080-985a-11ea-966d-65f536c5d60d.jpg)
;;;;;;;;;;;;![93087102_3083105608412978_5465473259793414672_n](https://user-images.githubusercontent.com/43483189/82151211-ad49e080-985a-11ea-9b4a-036d6b1b24ec.jpg)
;;;;;;;;;;;;![93169929_1539622806212492_8337642352168932538_n](https://user-images.githubusercontent.com/43483189/82151212-ade27700-985a-11ea-89fe-304b2b2c5510.jpg)
;;;;;;;;;;;;![93816281_718658612237426_246969940390006465_n](https://user-images.githubusercontent.com/43483189/82151213-ade27700-985a-11ea-8f47-efe3a8308888.jpg)
;;;;;;;;;;;;[Link list.txt](https://github.com/WHW-HAHA/Blog_Flask/files/4640392/Link.list.txt)
;;;;;;;;;;;;![1389261_433691340155755_831503819_n](https://user-images.githubusercontent.com/43483189/82151215-af13a400-985a-11ea-9163-b2d9a1eb1fca.jpg)
